location,mean_lat,mean_lon,listing_count
dha defence,28.644856001746906,70.67805449211085,21020
bahria town karachi,25.01732162073022,67.28047523020662,8518
bahria town rawalpindi,33.517034058409926,73.10544018788069,8465
bahria town,31.954273173558395,73.9336241008015,6413
gulistan-e-jauhar,24.92261574472961,67.13345187630674,5751
gulshan-e-iqbal town,24.910741328193755,67.08550383621548,4418
north nazimabad,24.941171598377036,67.04690693394623,3013
gadap town,25.028775761169676,67.09280369384477,2770
scheme 33,24.95548272190233,67.13852336835276,2744
e-11,33.694559784003665,72.9799576998022,2730
i-8,33.668191089764115,73.07331822582367,2586
g-13,33.64870525828702,72.96354938934466,2411
north karachi,24.968855754356394,67.06321884984906,2385
federal b area,24.927140295753013,67.06865273815404,2324
cantt,26.319359201455974,68.66858002539597,2033
johar town,31.466078847794673,74.28009919954916,1841
clifton,24.820355407077425,67.02399103506542,1834
f-11,33.68382432961647,72.99005457574732,1773
g-11,33.66898250853507,72.9992605384792,1611
f-10,33.69081913433145,73.00786762583176,1593
nazimabad,24.96866558567435,67.07920791663871,1431
jamshed town,24.870363637262443,67.05495366181749,1326
bani gala,33.7133401700821,73.16263986703612,1218
g-15,33.63086147203658,72.92538183346635,1203
malir,24.924876457478486,67.20097290505164,1162
adiala road,33.54744142513084,73.05511687935514,1070
f-8,33.71200324881086,73.04071643015918,1068
gulraiz housing scheme,33.56281910628766,73.107146286414,1029
askari,31.493315133913047,74.41692887210473,1012
gulberg,32.41778815080808,73.81827267855556,990
i-10,33.647226802712545,73.03760243068825,988
allama iqbal town,31.5012031831038,74.27022585975334,973
ghauri town,33.619047886530616,73.12972124582767,882
f-7,33.72037483191733,73.05638292337542,871
state life housing society,31.445689822505937,74.40234497781472,842
wapda town,31.44089172010204,74.25798835924745,784
satiana road,31.374806304619423,73.12885356190289,762
airport housing society,33.5893495565088,73.13055371100135,739
soan garden,33.56240152800281,73.15566826915612,711
al rehman garden,31.59255009608511,74.30882507761703,705
satellite town,33.62480878998566,73.07195733736012,697
pwd housing scheme,33.571112877223975,73.14500901323345,634
g-10,33.67780350633388,73.01562607954173,611
eden gardens,31.4266077329,73.14370545761668,600
chaklala scheme,33.65013705911371,73.13669540961538,598
korangi,24.829051318643216,67.11784073562814,597
f-6,33.72993724452543,73.07451094084746,590
d-12,33.701280915343645,72.94825571792096,582
model town,31.4883975402069,74.31448991274138,580
paragon city,31.53090732937931,74.45633414063794,580
g-9,33.68827194161818,73.03407094776364,550
bahria orchard,31.317750394652908,74.21783811973734,533
b-17,33.68209749887832,72.82227865944866,526
eden valley,31.436061016443514,73.15458507696653,478
samanabad,31.529235371581397,74.22669956844186,430
pak arab housing society,31.43175284931925,74.34811710051643,426
gulshan abad,33.53058099308252,73.06128497315534,412
media town,33.560859114477616,73.12599071952735,402
pakistan town,33.5753237057789,73.14330662474875,398
eden,31.45022633502551,74.31334355903061,392
sabzazar scheme,31.52198584161039,74.26350014864936,385
military accounts housing society,31.421125521099473,74.2842028890576,382
muslim town,32.80276376081365,73.17756012706037,381
dha 11 rahbar,31.388940631542553,74.26004249553192,376
h-13,33.637132365212764,72.97261051085107,376
khayaban-e-sir syed,33.63878423117333,73.04810368882667,375
samundari road,31.352041016912565,73.07085514502732,366
canal road,31.435258992994505,73.1532967401099,364
madina town,31.494519978547483,73.15786378321229,358
cbr town,33.55937433145299,73.14183361549858,351
township,31.45835552922414,74.30642178143678,348
askari 14,33.542977946213874,73.06761512075146,346
gulshan-e-ravi,31.550864631268436,74.28358719132743,339
bath island,24.835666330504452,67.02863805777449,337
valencia housing society,31.404421394404764,74.25712848732144,336
fechs,33.57182380050633,73.17481226025316,316
liaquatabad,24.945770203714286,67.09570837415873,315
lalazaar garden,31.509070386624206,74.24678988531846,314
lake city,31.355404796928102,74.25208979098039,306
eden orchard,31.484528,73.0850660130719,306
shalley valley,33.59754079205388,73.01414470690236,297
wapda city,31.504105539031144,73.21527201674739,289
lahore medical housing society,31.581876710714283,74.46359330357143,280
park view villas,31.453295117445254,74.20184390872264,274
national police foundation o-9,33.57090482760147,73.13247518738007,271
bhara kahu,33.73771327901887,73.17966229766037,265
punjab coop housing society,31.458849338461537,74.37333034999999,260
eme society,31.436842714179686,74.21282016011719,256
d-17,33.65911251205645,72.85936233366935,248
f-17,33.631822495614756,72.88006116045082,244
range road,33.598608188436216,73.01786774559672,243
canal garden,31.394818008347105,74.15066775599173,242
peshawar road,33.60296544232365,73.02869570622407,241
four season housing,31.34318348277311,73.06478430722689,238
harbanspura,31.574490721525425,74.4219634534322,236
afshan colony,33.59527121334746,73.02358573402542,236
misryal road,33.60077538570213,72.99869522034042,235
others,31.606215238193833,73.02926784198239,227
farooq-e-azam road,33.64674776,73.08989847,224
al-kabir town,31.34190670214286,74.215371199375,224
korang town,33.579048566486485,73.13964302563062,222
civil lines,25.26063536945946,67.38472759666668,222
defence road,32.41774207481982,73.68640744734235,222
new karachi,24.99883661316742,67.06258918045249,221
garden town,31.59721815287671,74.21934544863014,219
mehmoodabad,24.853826415525113,67.07454064210046,219
navy housing scheme karsaz,24.89371303779816,67.10448599041284,218
garden west,24.874120478394495,67.01644564302752,218
frere town,24.84104617316514,67.03740286642203,218
khayaban-e-amin,31.369505301851852,74.26992277398148,216
islamabad highway,33.61852562050926,73.1176021249074,216
university road,24.9554115604717,67.13771448509434,212
gt road,32.08747986858491,74.08769853226416,212
westridge,33.613208341913875,73.02074812363635,209
tariq gardens,31.419736172524274,74.25445428291262,206
pia housing scheme,31.447581678325122,74.27925739778325,203
jinnah avenue,25.166430497860695,67.3559436857214,201
fazaia housing scheme,25.66529632155779,67.9284898318593,199
faisal town,31.474560413181816,74.22428767616162,198
peoples colony no 1,31.408049304517764,73.10756913345178,197
shah faisal town,24.879752350937498,67.16984222927083,192
jubilee town,31.407587002041886,74.18110853350785,191
punjab govt employees society,31.433960905,74.28603860878947,190
lalazar,32.606452157741934,73.59370250784947,186
divine gardens,31.50202102808989,74.4140727247191,178
shahra-e-faisal,24.8709797739548,67.10038826502824,177
jamshed road,24.880911022931034,67.04180113632184,174
khalid bin walid road,24.874905404655173,67.05731853045977,174
diplomatic enclave,33.728844297777776,73.11963458192983,171
bismillah housing scheme,31.598386054588236,74.48082093588235,170
naval anchorage,33.57198361464285,73.2005048872619,168
tajpura,31.557543026666668,74.40136173660606,165
saeed colony,31.43445059067901,73.1288249737037,162
defence view society,24.83894994596273,67.07975132068323,161
bin qasim town,24.853259119627328,67.30277352639752,161
shaheed millat road,24.87704481389937,67.06919789817611,159
g-8,33.69583327455696,73.04838394987343,158
abul hassan isphani road,24.94293421,67.09883741594936,158
marghzar officers colony,31.5035573224359,74.24792236814103,156
g-14,33.64279297270968,72.94883519290323,155
canal bank housing scheme,31.57245604915033,74.41299390006537,153
ferozepur road,31.454910728639458,74.3488753770068,147
shershah colony - raiwind road,31.410075352482757,74.2225691806207,145
saddar town,24.865433094551726,67.01771108434482,145
central park housing scheme,31.32141792277778,74.38130712895833,144
khayaban colony,31.427294344014083,73.1359113537324,142
canal view,31.47822556028369,74.2540615035461,141
chakri road,33.51524302934783,72.96697332086957,138
multan road,31.457973896376814,74.20843595043478,138
cavalry ground,31.500273864264706,74.36756631632353,136
officers colony,31.42958899253731,73.14278201492537,134
i-14,33.6108336318797,72.9673358780451,133
pcsir housing scheme,31.456538697751938,74.26433917891472,129
nasheman-e-iqbal,31.423289899224805,74.25943465116278,129
sea view apartments,24.7918379975969,67.04466809379845,129
e-7,33.727409007812504,73.04758103124999,128
gulberg town,24.9224397475,67.0676851815625,128
architects engineers housing society,31.443497661338583,74.25947628401575,127
college road,31.487267024126986,74.2358120195238,126
raiwind road,31.383566389752065,74.22852032661157,121
citi housing society,31.503479479495798,73.0724964235294,119
gizri,24.820922577777775,67.04513947675214,117
izmir town,31.41960866666667,74.18705629914531,117
bedian road,31.441617076896552,74.45761483836208,116
main canal bank road,31.47531070782609,74.3084204941739,115
i-9,33.655546301929824,73.05622403701754,114
dhok kashmirian,33.643,73.08328389285715,112
gulzar-e-quaid housing society,33.600332338303566,73.13097812375,112
canal fort ii,31.58517600427273,74.49919704463636,110
green town,31.44600011009174,73.82835880733946,109
tulsa road,33.56759465330275,73.05286806908256,109
shahdara,31.626740435462963,74.28161942462962,108
g-6,33.71412738898148,73.08640385194445,108
al noor garden,31.42152200130841,73.13977902,107
orangi town,24.94934219207547,66.97793939415094,106
tariq road,24.871119139514562,67.05962844592233,103
delhi colony,24.831703900686275,67.04392799029412,102
bor - board of revenue housing society,31.478452010101012,74.29684597979798,99
samarzar housing society,33.527719790404035,73.04458399222223,99
malir link to super highway,24.950831415757577,67.18290558050505,99
naya nazimabad,24.969255004545456,67.03985500969698,99
new lalazar,33.561078066421054,73.07075608094738,95
taj bagh scheme,31.563027682127657,74.41443515074468,94
national police foundation,33.69869100652174,72.98243628282609,92
airport,24.902642048369568,67.15995560913044,92
revenue society,31.45057812380435,74.28845689804348,92
labor colony,31.403960000000005,74.214497,92
p & t colony,24.826385972826085,67.04567706728261,92
river garden,33.55157902222222,73.16613908888888,90
millat road,31.454621067415726,73.12560484269663,89
nishtar colony,31.422218003678164,74.3643950016092,87
harbanspura road,31.58346601151163,74.4040333777907,86
khayaban colony 2,31.42758794588235,73.1311712884706,85
aashiana road,31.429321677411764,74.3788598944706,85
shadab garden,31.42277835297619,74.35510725940476,84
mughalpura,31.56818135878049,74.3784254947561,82
northern bypass,25.06503162195122,67.09819954463414,82
rashid minhas road,24.90006344728395,67.11562915222221,81
chatha bakhtawar,33.66641628790123,73.15319114086421,81
gulistan colony,33.463214583375006,73.15802708174999,80
dhok sayedan road,33.590157800499995,73.009591524375,80
daroghewala,31.588414767625,74.40107149537499,80
green avenue,33.668911111392404,73.15142726468355,79
girja road,33.564922961538464,72.99355807692307,78
walton road,31.478001253846152,74.35832611205129,78
dhok paracha,33.640455,73.084095,78
nfc 1,31.416984346883115,74.26899843506493,77
millat town,31.492826913289473,73.1031215093421,76
krl road,33.61621190578947,73.10856268539474,76
lehtarar road,33.6402130612,73.15531772773333,75
margalla town,33.6704927212,73.10620417906667,75
sargodha road,31.448390345945942,73.08719766405406,74
kda scheme 1,24.879606002602742,67.09052453520547,73
ali housing colony,31.408951795694446,73.03755152819446,72
zaraj housing scheme,33.51456307661972,73.15325808140844,71
rehman gardens,31.406427800000003,73.3826476,70
islampura,31.56628377101449,74.29927569231884,69
bahria nasheman,31.31998844382353,74.40285152617648,68
shah jamal,31.52754435161765,74.32941576676471,68
nisar colony,31.379643652835824,73.0653303,67
abdalians cooperative housing society,31.455943548955222,74.2685500283582,67
sui gas housing society,31.450041104477616,74.38974844776119,67
sadiqabad,33.63242516119403,73.08086635358208,67
jhang road,31.400033665373133,73.03041079179106,67
green cap housing society,31.398667468787878,74.35492346075758,66
gulfishan colony,31.414502859545454,73.11833359424242,66
kahna,31.373476922000002,74.36263981323077,65
burma town,33.6445818096875,73.12628563796875,64
susan road,31.423132484375,73.1162610625,64
rachna town,31.390579014843752,73.11579263390625,64
people colony,33.593326,73.028933,63
bankers co-operative housing society,31.450073460317462,74.39466520634922,63
gulshan-e-lahore,31.424589809523813,74.25246825396825,63
khurram colony,33.62580652435484,73.0937218064516,62
kurri road,33.63594754032258,73.09088868467742,62
dhamyal road,33.55643888064516,73.02466912806452,62
islamabad expressway,33.624556859016394,73.11747398508196,61
saadi road,24.946930453278686,67.16212853032786,61
ghous garden,31.586342508196722,74.47895632786886,61
iqbal park,31.5897830252459,74.31163392770492,61
f-15,33.64182671933334,72.9188427535,60
jaranwala road,31.409774494833336,73.17519798083335,60
manawan,31.590754374333336,74.47852733250001,60
ichhra,31.533597539827586,74.31632525120689,58
allahabad road,33.61429105344827,73.00763518568967,58
nawab town,31.452671207586203,74.24907384034483,58
fateh garh,31.57055440350877,74.40174068807018,57
shadbagh,31.6025179825,74.34010822196429,56
al hafeez gardens,31.589029035714283,74.47609803571429,56
baghbanpura,31.584624263392858,74.37280608178571,56
peoples colony no 2,31.39765884709091,73.09756502781818,55
airport road,32.14568657327273,74.01146839781818,55
judicial colony,32.12129445927273,73.90188368109091,55
hill park,24.86817629222222,67.07121319611112,54
askari 13,33.56948428314814,73.06464513166667,54
green city,31.520394037735848,74.46099679245283,53
chakra road,33.58949265849056,72.98589391660377,53
punjab university employees society,31.429137245384617,74.23862978288462,52
shaheen town,33.634264033076924,73.19328691403845,52
iqbal avenue,31.44016598076923,74.25062525,52
opf housing scheme,31.422475375294116,74.23863614666666,51
dhoke syedan,33.526416,72.644958,51
punjab small industries colony,31.476512000000003,74.418805,51
kuri road,33.6787158928,73.16245980859999,50
pwd road,33.56723393877551,73.13498732653062,49
audit & accounts housing society,31.398017408163266,74.27068730612244,49
yousaf town,31.510607005714288,73.06580730632652,49
harley street,33.576106968124996,73.04447707604167,48
omega homes,31.6170339375,74.21750411395833,48
rail view housing society,33.59691216520833,73.11965353541667,48
lahore garden housing scheme,31.5905539375,74.20821906249999,48
chungi amar sadhu,31.44995821625,74.35433865854166,48
landhi,24.83861925212766,67.17934178170212,47
aisha manzil,24.927625785531916,67.0645301874468,47
askari 7,33.56139745217392,73.06210138804347,46
mustafa town,31.495053217333332,74.27329951733333,45
amir khusro,24.880713999999998,67.08047691111112,45
alfalah town,31.482511267999996,74.4192138031111,45
new muslim town,31.511828682727273,74.31309123522728,44
sukh chayn gardens,31.391930227272727,74.16006086363636,44
nishat colony,31.49609111627907,74.393234,43
airline housing society,31.443218,74.266394,42
gulshan e madina,31.424988436904762,73.11679924309524,42
awan town,31.907122415476188,74.01800667404761,42
dastgir colony,24.925589301666665,67.0771357342857,42
valencia gardens,31.350448,73.059597,42
zamzama,24.822218123658537,67.04013448707317,41
uet housing society,31.40847802902439,74.2721002097561,41
sangar town,33.61265075609756,73.11938263414633,41
super town,31.492577999999998,74.373529,41
manzoor colony,25.501818961219513,67.7684200302439,41
naval housing scheme,24.8397082245,67.05689492274999,40
dream avenue lahore,31.402889181750005,74.23614281900001,40
7th avenue,33.71852869675,73.0711268645,40
hamza town,31.40592397775,74.35788193025,40
ghalib city,31.421539000000003,73.14799,40
kashmir road,28.752352623333334,70.63198830358975,39
m. a. jinnah road,25.02496179,67.16639133871796,39
sami town,31.567120000000003,74.413107,39
karakoram diplomatic enclave,33.724426,73.120331,39
rasool park,31.50637067128205,73.97852869333333,39
rizwan garden scheme,31.584568,74.47377907894736,38
amin town,31.442454197105263,73.12801230526316,38
formanites housing scheme,31.44707361605263,74.41373008921053,38
dhok mangtal,33.62180254,73.04135799,38
palm villas,31.587007578947368,74.49510073684212,38
punjab govt servant society,31.40524519789474,74.16320033736842,38
gulshan-e-haram,31.364194000000005,73.062459,37
caltex road,33.55369091135135,73.06821821918918,37
hajvery housing scheme,31.573160999999995,74.448981,37
shadman 2,28.4303033075,70.9015868513889,36
zaheer villas,31.416929055555556,74.28738305555557,36
tarnol,33.63362173805555,72.88590177027777,36
golimar,24.89131367722222,67.00811086138889,36
scheme 45,25.046555490285712,67.10531782914286,35
chak shahzad,33.65999298428571,73.14718880628571,35
ali pur,33.644625008285715,73.17399565314287,35
habibullah road,31.558620576000003,74.34391226371427,35
sher zaman colony,33.564739509714286,73.04521937314286,35
shehzad town,33.67185255457142,73.14030288685714,35
al najaf colony,31.40288,73.122153,35
ali town,32.374289193529414,73.52511645441176,34
lahore motorway city,31.643503147058823,74.20992782352941,34
ayub colony,32.85713932060606,73.0858869360606,33
shams abad,33.65148948727273,73.08068388090909,33
faisal town - f-18,33.61640495060606,72.85960234090909,33
tench bhata,33.58462472363637,73.03544240696971,33
jhangi syedan,33.62371324090908,72.94382086969698,33
shalimar link road,31.572532163636364,74.38098781757576,33
asghar mall road,33.62758669303031,73.06048002151516,33
sharaqpur road,31.485627,74.121572,33
bilal colony,33.646551,73.086988,33
korangi road,24.84186429875,67.1458749940625,32
dhoke banaras road,33.59247,73.01495,32
emaar canyon views,33.5193292740625,73.1849725309375,32
umer garden,31.40925,73.12444290625,32
iep engineers town,31.404572451612903,74.29153777419354,31
saidpur road,33.638595138709675,73.0631981935484,31
gosha-e-ahbab,31.48415973322581,74.27717416258064,31
zaitoon - new lahore city,31.347818161290324,74.14288064516128,31
saddar,33.453411908387096,73.04716917354838,31
punjab colony,24.830948,67.04732906451612,31
faisal colony,33.57962400580645,73.03837174935482,31
mangral town,33.61372606933334,73.11836060266667,30
g-16,33.62486916666667,72.91457199999999,30
upper mall,31.542114,74.35589786666667,30
d ground,31.406203144000003,73.10735004366667,30
g-7,33.70509493266666,73.06909992966666,30
elite town,31.342062633333335,74.3714763,30
makkah garden,31.508298,73.06784200000001,29
morgah,33.545083643103446,73.07352391103448,29
islamabad - murree expressway,33.798994650344824,73.29513898310344,29
garhi shahu,31.566191711724137,74.34386910793104,29
ideal town,31.473263,73.077405,29
lahore - sheikhupura - faisalabad road,31.462664809655173,73.15928314413793,29
swan garden,33.564829458214284,73.15696111785714,28
rehmanpura (ferozpur road),31.521773718928568,74.31992488857144,28
commercial market,33.58610903571429,73.08835889285714,28
kashmir highway,33.62243200428571,72.92965929607143,28
taramrri,33.64177271964285,73.16500717178572,28
salamatpura,31.582849125,74.41700905178571,28
shadman 1,31.5374496175,74.33070453392858,28
mansoorah,31.49239520892857,74.26535822321429,28
sunfort gardens,31.446239,74.252808,28
etawa society,25.003900964285712,67.12267096428572,28
tarlai,33.640276148148146,73.15392462962963,27
yousaf colony,33.583519296296295,73.10306777777778,27
park road,33.66700477074074,73.15038815555556,27
t & t aabpara housing society,31.413532034444444,74.24015710148149,27
punjab govt. servants housing foundation,31.367584999999995,73.137177,27
prime homes 1,31.427708,74.246722,27
janjua town,33.544556,73.056127,27
mateen avenue,31.441992,74.291389,27
askari 4,33.58439696296296,73.0798048148148,27
khanna pul,33.62971102888889,73.11214544185185,27
clifton colony,31.520824962962962,74.30242481481481,27
gulshan-e-iqbal,33.475744405,73.02840544615385,26
hassan town,31.50555812346154,74.265211155,26
munawar colony,33.55048,73.05978688461538,26
gajju matah,31.386622712307695,74.36533854615385,26
sanda,31.562839694999997,74.28574194346155,26
ghulam mohammad abad,31.441457327307692,73.04371494423077,26
lawrence road,31.554639615384612,74.32535507692309,26
muslimabad society,24.879183456538463,67.04928003615385,26
chakra,33.58932,72.979099,26
tipu sultan road,24.87587733,67.08508139846154,26
chinar bagh,31.323638919999997,74.24461832,25
thokar niaz baig,31.4713752092,74.24135912319998,25
new chauburji park,31.5498856776,74.2954401056,25
new super town,31.495666468,74.37733528279999,25
shakrial,33.6341051824,73.10007945160001,25
capital smart city,33.507121039999994,72.87568616,25
mansoorabad,31.434984983599996,73.1178007324,25
khayaban-e-ittehad road,24.8128672508,67.0760443792,25
9th avenue,33.6904478092,73.04511508600001,25
blue area,33.713837559999995,73.06159336,25
dhok kala khan,33.653209,73.089802,25
baloch colony,24.867466748400002,67.08181295039999,25
al faisal town,31.550456957599998,74.4040143948,25
shalimar town,31.585673100416667,74.38541783125,24
murree road,33.691633615,73.12761921583333,24
kamahan road,31.45461801875,74.36824899958334,24
nemat colony no 1,31.411524,73.123183,24
khayaban gardens,31.473328,73.089108,24
rehan garden,31.345320514583335,74.37897557708334,24
alipur farash,33.65069,73.202934,24
saima luxury homes,24.859035957499998,67.14424286083333,24
eden avenue extension,31.499481,74.418277,24
ali view park,31.494262043478262,74.40018691304348,23
sadiqa abad,33.63238,73.08023191304348,23
peco road,31.465462757391304,74.34064385652174,23
al-hamad colony (ait),31.522626999999996,74.30465,23
i-13,33.620889140869565,72.99078330608695,23
jinnah colony,31.52182108695652,73.5770217826087,23
islam nagar,31.49311739130435,74.37016465217391,23
ashiana-e-quaid housing scheme,31.42544951478261,74.3840199947826,23
highcourt society,31.433039920000002,74.29197727130435,23
ali alam garden,31.586055217391305,74.46131913043477,23
koral chowk,33.604816,73.13028617391305,23
askari 1,33.581306,73.087962,23
pir sohawa,33.80392243478261,73.12434947826087,23
pia colony,33.60340022869565,73.01096948434784,23
baldia town,24.919918272727273,66.96932309090909,22
super highway,24.98962212318182,67.16537490318181,22
nishatabad,31.451514598181816,73.11721265681818,22
azam gardens,31.48790444863636,74.26561096727272,22
al hamad colony,31.570214,74.281473,22
falaknaz presidency,24.927051090909092,67.17399418181817,22
sir syed town,31.405152962727275,73.0779860040909,22
shadman colony,31.399812124999997,73.11508013409092,22
karachi motorway,24.998682363636362,67.213935,22
khayaban-e-tanveer,33.58468959090909,73.0990555,22
sajid garden,31.58398,74.461377,22
kohinoor town,31.415799,73.117983,21
cosmopolitan society,24.87972300761905,67.04187597571429,21
sitara sapna city,31.461569,73.063812,21
thanda pani,33.64907472428572,73.21956032761904,21
gulbahar colony,31.41537448285714,73.28314357904762,21
sheikh colony,31.411162743333335,73.04441490095238,21
al fayaz colony,31.395439,73.110849,21
dha city karachi,25.014338598095236,67.43234944619047,21
d type colony,31.38053657142857,73.08055042857143,21
daewoo road,31.470081999999998,73.068243,21
government employees cooperative housing society (gechs),31.465139193333336,74.31919302142857,21
garrison homes,31.566641619047623,74.44130495238095,21
al-hamd park,31.501251904761904,74.2575750952381,21
islamia park,31.527102860476194,74.07414558761904,21
mozang,31.553803814761903,74.31544968380952,21
quaid-e-azam colony,33.56451235714286,73.0211752547619,21
high court road,33.56323780952381,73.1021181904762,21
lda avenue,31.41277455,74.20927409999999,20
al jalil garden,31.5926567325,74.21458991099999,20
pcsir staff colony,31.43099275,74.2861566,20
royal avenue,33.657541,73.161258,20
lahore - islamabad motorway,31.61537157,74.21100615,20
lalkurti,33.582027950000004,73.0582219,20
tech society,31.4851642415,74.281737557,20
sheraz town,31.4263008525,74.289580065,20
suparco road,24.952536947000002,67.126785063,20
band road,31.5387285495,74.2739295425,20
canal burg,31.475302,74.2446712,20
arsalan town,33.64249095,73.21366284999999,20
i-11,33.635018450000004,73.01971019999999,20
askari 2,33.585054,73.083517,20
i-12,33.628841692499996,73.0023635995,20
raza garden,31.451813000000005,73.16190475,20
anda mor road,24.964953872631582,67.05648030736842,19
peer meher ali shah town,33.544952,72.997505,19
kamran chowrangi,24.923841,67.13781189473684,19
mehar fayaz colony,31.576632,74.4051617894737,19
gulistan colony no 1,31.44186215789474,73.1005857368421,19
dhok elahi baksh,33.611724,73.068216,19
khudadad colony,24.87365197222222,67.04495579944445,18
cricketer villas,31.495427,74.423858,18
jhang syedan,33.643298817222224,73.20865704444444,18
hbfc housing society,31.456566944444447,74.40906944444446,18
askari 10,33.586989,73.077743,18
riaz ul jannah,31.476680042222224,73.06302446833334,18
narwala road,31.439971666666665,73.02167666666666,18
dhok gujran,33.59919305555556,72.99088094444444,18
bakar mandi road,31.413946517222225,73.05220498222222,18
pindora,33.64427514888889,73.07122820222222,18
fazal town,33.60428977777778,73.113863,18
kot lakhpat,31.450900205882355,74.33254776941176,17
kohinoor city,31.412659,73.116796,17
grand avenues housing scheme,31.33795,74.381324,17
ghaziabad,32.15062994529412,73.99121694647059,17
the springs,33.615388,73.119838,17
lyari town,24.865026450588235,66.98862956411764,17
china scheme,31.600422846470593,74.36365955,17
clifton township,33.527079,73.064508,17
manawala,31.46044130235294,73.13918849411765,17
gulshan-e-khudadad,33.62683709882353,72.98272982647059,17
al-jannat housing society - kahna,31.36018941941176,74.38478925529411,17
g-5,33.72042894117647,73.09774911764707,17
eden villas,31.46607973352941,74.31056576058823,17
e-18,33.631955111176474,72.85413900647059,17
allama iqbal colony,33.070287,73.03368229411764,17
mian zulfiqar ali shahid road,31.472714470588237,73.08674764705881,17
jail road,31.522708507058823,74.11225382294117,17
park view city,33.720586,73.222006,17
west wood housing society,31.465721810588235,74.23777688470588,17
liaquat colony,33.5609650625,73.018478125,16
al kareem garden,31.58947925,74.45221175,16
sham nagar,31.55627968,74.2951124425,16
i-16,33.5974223125,72.9341400625,16
rehmania town,31.405321875,73.0625621875,16
ali view garden,31.4893220625,74.4068440625,16
habib homes,31.463074,74.321506,16
rehman villas,31.4116600625,73.61282625,16
rehman town,31.463848,73.124306,16
abid town,24.926346125000002,67.08301818749999,16
wahdat road,31.506737995625002,74.29361354625,16
doctors housing society,32.444860045333336,73.71757274,15
haji chowk,33.630152603333336,73.08940718400001,15
bankers town,31.448371,74.391315,15
dharampura,31.554671476666666,74.36664043399999,15
c-18,33.66876374533334,72.82584379733333,15
sahafi colony,31.577371000000003,74.44632699999998,15
naz town,31.401494373333332,74.266615964,15
rana town,31.685596,74.27169813333333,15
new garden town,31.392350778666664,73.10814715733333,15
awt army welfare trust,31.356531800000003,74.21042493333334,15
maskan chowrangi,24.934847,67.10524813333333,15
gulshan colony,31.4504248,73.65975013333333,15
fazaia colony,33.618875264,73.11504942933334,15
green view colony,31.445456724666666,73.07156862400001,15
krishan nagar,31.567419873333332,74.291897484,15
lalazar 2,33.551679,73.02683,15
shah allah ditta,33.71298838,72.92128086,15
marwa town,33.62902,73.15288873333334,15
simly dam road,33.71735884785714,73.228400505,14
falcon complex faisal,24.865828,67.088388,14
al-hafiz town,31.508584227857142,74.24917657357143,14
shalimar housing scheme,31.582612,74.416838,14
shahra-e-qaideen,24.872848965,67.0384238307143,14
madina colony,31.491370614999997,74.36139314642857,14
rabia city,24.907814,67.13298278571428,14
askari 12,33.597588,73.080837,14
army officers colony,33.53827385714286,73.08259771428571,14
ideal homes society,33.596446,73.12485,14
rawat,33.50633863428571,73.19122911285714,14
hassan goth,25.028795,67.092118,14
mohafiz town,31.434999392857144,74.23406794214286,14
sarwar town,31.50676396142857,74.24655382214287,14
shahpur,33.74289448714286,73.21372432142857,14
al-noor colony,33.628011,73.10756,14
allama iqbal road,31.55922438642857,74.35113787714285,14
rawal town,33.686032,73.117268,14
punjab chowrangi,24.83447892857143,67.03912092857142,14
jhumra road,31.470089,73.13156628571429,14
azam town,24.844790285714286,67.07006578571429,14
ptv society,25.00838607142857,67.1181072142857,14
sindh industrial trading estate (site),24.92293468357143,67.01435655285715,14
chattar,33.77960904857143,73.24022976785714,14
bagh-e-korangi,24.858398,67.151549,14
bagarian,31.425943928571428,74.29599814285714,14
zia colony,31.441479,73.142581,13
acro green - bankers avenue,31.437103,74.482945,13
younas town,31.382585,73.123012,13
police foundation housing scheme,33.566321,73.133953,13
rail town (canal city),31.442333707692306,74.2050810223077,13
badami bagh,31.601385615384615,74.32108184615385,13
al-hilal society,24.894247923076925,67.06650223076923,13
chaklala,33.596441686153845,73.08850516692308,13
korang road,33.647328,73.037486,13
chandni chowk,33.63163564692308,73.07228593384615,13
lyari expressway,24.900446384615385,67.05420753846154,13
koral town,33.60180954076923,73.14196215846154,13
aitchison society,31.457810068461534,74.25337709307692,13
nemat colony no 2,31.41064698153846,73.12701936461539,13
national town,31.713370384615384,74.1969806153846,13
ring road,31.547705076923076,74.43490053846153,13
rufi lake drive apartments,24.907373846153845,67.12110661538462,13
mumtaz colony,33.560583,73.058993,13
chak 208 road,31.435264370000002,73.14341074846153,13
guru mandir chorangi,24.880755,67.039694,13
pwd colony,33.570881,73.145235,13
ittifaq town,31.492655553846152,74.25217428153846,13
friends colony,33.603504,72.997584,12
faisal gardens,31.46309216666667,73.173091,12
pakistan chowk,24.854108406666665,67.0121597475,12
new canal park,31.567377000000004,74.41558333333333,12
diamond city,24.874796,67.017519,12
infantry road,31.532235,74.36854641666667,12
qayyumabad,24.8248270125,67.08163270333334,12
ittehad colony,31.527593,74.287705,12
gizri road,24.82221708333333,67.04612908333333,12
garden colony,31.397495000000003,73.105595,12
walled city,31.581747879999998,74.3159603375,12
wassanpura,31.5907363725,74.33667049666667,12
wafaqi colony,31.47669369333333,74.27431964916666,12
wazir town,33.59555250166667,73.11690277416668,12
p & d housing society,31.424650180833336,74.19140585250001,12
bahar colony,32.16790351416667,73.89925087083333,12
jaranwala,31.331994423333338,73.41834367083334,12
dubai town,31.414161250000003,74.231943,12
sant nagar,31.569608614999996,74.2957313625,12
kalma chowk,33.22787183333333,73.25418316666666,12
asf tower,24.95194674833333,67.158678425,12
canal park,31.404891753333334,73.08621101166666,12
aslam shaheed road,33.56801805083334,73.04719269083333,12
safari view residencia,33.57898,73.11293333333333,12
shalimar park,31.376022028333335,73.09104163,12
sunny park,31.452755,74.258437,12
fort villas,31.486064083333332,74.37807133333334,12
khuda ki basti,25.0323684775,67.09438357583333,12
gulbahar scheme,33.5891215,73.12704366666667,12
shahbaz town,31.413925986666666,73.03905796666666,12
meherban colony,33.659014175,73.15227325833332,12
transformer chowk,33.633484,73.08767275,12
gul-e-damin,31.426685916666667,74.28464408333333,12
kehkishan colony no 1,31.402367,73.134513,11
khanna road,33.628480914545456,73.1020752,11
d-18,33.65185443363636,72.84208536,11
sultan town,31.460297,74.240441,11
lasani town,31.464700641818183,73.07894376181818,11
air avenue city,31.391486999999998,72.995389,11
sitara colony,31.38610427272727,73.27653272727274,11
riwaz garden,31.55970995272727,74.30330577999999,11
bhatta chowk,31.487440828181818,74.41206032727273,11
punjab government servant housing foundation (pgshf),33.517469,73.046617,11
professors colony,33.636346,73.103449,11
ashraf colony,33.55856209090909,73.02654454545454,11
rustam park,31.544218,74.29249418181818,11
defence colony,33.623169081818176,73.10883205636364,11
ravi road,31.59407681818182,74.30269836363637,11
beacon house society,31.36184608363636,74.2212299590909,11
numaish chowrangi,24.87334690909091,67.03637636363636,11
new afzal town,33.59034881818182,73.10613454545454,11
smd homes,31.487271,73.090933,11
manghopir road,24.948143496363638,67.02175528636363,11
chenab gardens,31.346967000000003,73.077707,11
shahzad colony,31.395879,73.111181,11
gulshan rehman,31.386574,73.117722,11
race course,33.604415,73.035947,10
raj garh,31.558736595,74.297873512,10
zubaida park,31.532236,74.290826,10
e-14,33.66964,72.923294,10
britto road,24.878693598,67.033955155,10
national highway,24.862219,67.284222,10
rajgarh road,31.559832,74.301233,10
dhoke hassu,33.049786,73.120357,10
canal expressway,31.4998084,73.1927602,10
chak 209 rb akalgarh,31.413841,73.180059,10
khayaban-e-manzoor,31.397612,73.174014,10
kashmir colony,24.837671800000003,67.07654840000001,10
gulshan-e-usman housing society,24.979596100000002,67.18505880000001,10
salli town,31.555498912,74.412460033,10
shah khalid colony,33.603968200000004,73.1139636,10
chaman park,31.567912,74.399192,10
shahrah-e-pakistan,24.934436,67.072266,10
guldasht town,31.543861822000004,74.419669627,10
shama road,31.540804480000002,74.314361331,10
shoukat town,31.458686,74.359331,10
shaheed-e-millat expressway,24.851699228,67.0833044,10
kemari town,24.840203259,66.94774324,10
kehkishan colony no 2,31.405151,73.136315,10
tricon village,31.409618899999998,74.16612540000001,10
ahmadabad,31.445315965000002,73.111681891,10
stadium road,26.625898874999997,68.457349122,10
amil colony,24.884240127,67.028134414,10
shadab colony,31.405964761,73.035176216,10
spring valley,33.733733066666666,73.19654904777778,9
green park,31.503763,74.243489,9
lahore press club housing scheme,31.57987209,74.45039366555555,9
ghausia colony,31.488325555555555,74.36390333333333,9
khalid abad,31.410498,73.071685,9
gulshan-e-areesha,24.94030311111111,67.14647799999999,9
shera kot,31.540746999999996,74.277511,9
shah kamal road,31.52602207111111,74.30725148222223,9
tariqabad,31.425221000000004,73.102255,9
gulberg valley,31.407580000000003,73.15506733333334,9
al-amin housing society,31.480609,74.42101,9
sodiwal,31.70343185222222,74.03662900666667,9
air force housing society,33.622267,73.100574,9
ghous-e-azam road,33.55651165888889,73.01128938888888,9
chah miran,31.58914655555556,74.344864,9
mian amiruddin park,31.553758,74.405465,9
model colony,32.45322622222222,73.79108766666667,9
sakhi hassan chowrangi,24.954203,67.057675,9
angoori bagh,31.58263,74.384136,9
defence garden,26.310820111111113,68.67867844444443,9
bmchs,24.883046,67.064663,9
naval colony,24.933356777777778,66.9766778888889,9
national garden housing scheme,33.439723,72.886186,9
dhoke khabba,33.615273888888886,73.07794177777777,9
immad garden housing scheme,31.358657,74.3778,9
dhoke gangal,33.499095,72.980756,9
nishtar road (lawrence road),24.883831354444446,67.02861568444445,9
askari 3,33.5874,73.081523,9
abdullah haroon road,24.847934555555558,67.03118122222222,9
abdullah garden,33.63477375,72.98415184,9
palm city,33.583085,73.107189,9
paec employees cooperative housing society,33.480561,73.205827,9
batapur,31.59230066666667,74.48634122222222,9
jallo park road,31.57901511111111,74.48308,9
abdali road,31.568747,74.29299077777779,9
zero point,33.693798,73.06513,9
affandi colony,33.631594,73.08103,8
waris pura,31.383409,73.09710125000001,8
ismail valley,31.492433,73.058345,8
bakra mandi,33.572499,73.038762,8
abdullah city,32.614129125,72.927913,8
pak park,31.49976714625,74.24279305625001,8
youhanabad,31.411377,74.365253,8
walait homes,33.600327,73.091517,8
sunflower housing society,31.471406,74.253759,8
top city 1,33.585934,72.86881675,8
sue-e-asal,31.308211015,74.39573181125,8
golra mor,33.62563935875,72.96987168999999,8
cotton export cooperative housing society,24.999456,67.128634375,8
farooqabad,31.43086,73.118033,8
bilal gunj,31.580583125,74.30143825,8
bhatti colony,31.468716,74.319849,8
new shakrial,33.63954842125,73.1095300325,8
royal city,33.646113,73.236695,8
davis road,31.556634957500002,74.34013366375001,8
mohlanwal road,31.427103,74.17921025,8
aria mohalla,33.608375125,73.0666835,8
rabbani colony,31.389471875,73.10661825,8
hassan villas,31.431487,73.150227,8
sohan valley,33.649494,73.104401,8
chauburji chowk,31.5538130925,74.3046423575,8
chauburji park road,31.552427875,74.299507375,8
khaliq-uz-zaman road,24.83260293375,67.03808432,8
al-raheem garden,31.596761125,74.473922,8
hanif park harbanspura,31.57246875,74.42865675,8
hameedpura,31.57601725,74.401617625,8
chanman abad,33.58701194625,73.01317667875,8
khayaban-e-quaid,31.493551375,74.247411125,8
gulshan-e-hayat,31.41578,73.045905125,8
mall road,32.32006389,73.8520590625,8
sadaat town,31.47201,74.425628,8
saiden shah colony,31.541227,74.359417,8
usman town,31.46036219285714,73.09894172142857,7
university town,32.39232885714286,72.997856,7
fateh jang road,33.558220285714285,72.77895171428571,7
zaman colony,31.495177,74.37139,7
lalarukh colony,33.559778,73.013309,7
204 chak road,31.406337011428572,73.13686038571429,7
daniyal town,31.377251,73.116134,7
muslim nagar housing scheme,31.35181475285714,74.22970508,7
askari 5,33.584073,73.08662,7
eastridge housing scheme,33.55843485714286,73.09977485714286,7
hazara colony,33.588731,73.026722,7
faizabad,33.662350862857146,73.08446037571429,7
al huda town,33.641532222857144,73.19711277714285,7
shah faisal road,31.531058775714286,74.29416616428571,7
sarai kharbuza,33.680988,72.905316,7
sanda road,31.561770201428573,74.30025972,7
shanghai road,31.454513201428572,74.37549101285715,7
rehman park,31.547266,74.282459,7
bostan valley,33.565685,73.10152485714285,7
jallo,31.582246,74.49631214285715,7
passco housing society,31.455456067142855,74.22620147714285,7
kahna kacha,31.396090714285716,74.31040014285715,7
nadeem town,31.499874,74.26253,7
nadeem shaheed road,31.52299,74.298093,7
eden place housing scheme,31.394949,74.31861,7
hilal road,31.386350857142855,73.099424,7
ijp road,33.637679642857144,73.03442373428571,7
holy family road,33.63452580714286,73.05830891285714,7
railway scheme 9,33.59606,73.127045,7
nawaz colony,33.594686,73.125371,7
kacha jail road,31.451626175714285,74.34385224571429,7
bawa chack 120 jb,31.47849969857143,73.08115430428572,7
dhudi wala,31.403027384285714,73.14756565142856,7
abdullahpur,31.42388252,73.1066745042857,7
dhok chaudhrian,33.566573,72.856436,7
wahdat colony,31.515703,74.30730314285714,7
ahmad housing society,31.489617,74.247793,7
khurianwala,31.492054804285715,73.26428475142858,7
maqboolabad society,24.88555,67.063068,7
liaquat town,31.414637,73.049119,7
cooper road,31.562817,74.32728014285715,7
chohan road,31.854971905714283,74.10975582285714,7
makkah colony,31.499751,74.355125,7
chur chowk,33.60906228571428,73.00953342857143,7
misri shah,31.5838,74.339662,7
h-15,33.62185334,72.93862449000001,7
shadipura,31.599153142857144,74.40394857142857,7
h-12,33.643432714285716,72.98532428571428,7
sabzazar,33.578663,73.055352,7
walton railway officers colony,31.487950471666668,74.355962945,6
aghosh,33.557347971666665,73.14755232166667,6
aabpara coop housing society,31.443685,74.205662,6
dholanwal,31.530522635,74.28269552333333,6
pir wadhai,33.632022166666665,73.03920583333333,6
dheri hassanabad,33.5735449,73.05114179333334,6
jamil town,31.519398,74.270024,6
paf housing scheme,24.953678,67.18116,6
paradise valley,31.473035,73.195024,6
abdullah town,31.495099,74.24091,6
outfall road,31.573610286666668,74.29335260333333,6
old clifton,24.817883,67.03291416666667,6
dogech,31.548674433333332,74.42212853000001,6
nih colony,33.679961,73.147874,6
kacha ferozepur road,31.542643,74.309937,6
qasimabad,33.620031671666666,73.05907876333333,6
poonch road,31.536209,74.299921,6
police society,24.963835,67.17929166666667,6
police foundation housing society,33.474215,73.198686,6
kartar pura,33.624836,73.06359866666666,6
motorway chowk,33.63169099666666,72.93846732166666,6
multi residencia & orchards,33.717459,72.70622266666666,6
askari 8,33.605505,73.095818,6
kaleem shaheed colony no 1,31.432764000000002,73.039556,6
bostan road,33.57626277,73.10135365,6
illahi abad,31.378481000000004,73.108163,6
rasool nagar,31.400462,73.126359,6
ayub national park,33.56707316666667,73.0831925,6
amarpura,33.622472,73.071652,6
cutchi memon cooperative housing society,24.885829,67.072549,6
chapal courtyard,24.953425999999997,67.14438916666667,6
al-jadeed residency,24.931248,67.25654,6
al-haram city - phase 2,33.46168769166667,73.03191583333333,6
hamza villas,31.359542,73.064819,6
ali garden,31.381593999999996,72.979866,6
farooq colony,31.478253256666665,74.36114495166666,6
makkah commercial market,31.429796,73.151892,6
gulbahar park,31.453706999999998,74.228239,6
civil defence,31.490915,74.387413,6
al-hamd garden,31.613526500000003,74.24849166666667,6
sir syed chowk,33.64619916666667,72.97962833333334,6
gulistan colony no 2,31.44595901166667,73.09464896,6
sitara valley,31.467252,73.17525,6
al barkat villas,31.377191999999997,73.124949,6
ahmad avenue,31.44525,74.29276166666666,6
liaquat bagh,33.60636861,73.06463394166667,6
latif garden,31.468165305,73.17544767166667,6
land breeze housing society,31.418695,74.22756,6
lasani garden,31.457770999999997,73.071649,6
lalukhet,24.900299,67.032157,6
lahore canal bank cooperative housing society,31.475079895000004,74.25879585666667,6
zaman park,31.551733000000002,74.352636,5
abdul sattar edhi road,31.456185866,74.23684909400001,5
pindorian,33.645847722,73.118394908,5
paf tarnol,33.6040148,72.8446054,5
pakki thatti,31.531889834000005,74.293667914,5
pir naseer,31.560704999999995,74.4325116,5
cricket stadium road,33.681293,73.081146,5
tench road,33.581932,73.036329,5
azeem garden shahdara,31.668289559999998,74.26527257000001,5
mahmoodabad,31.4313,73.103356,5
sultan pura,31.581615,74.341853,5
green park society,31.488165,74.419307,5
al hamra town,31.448106000000003,74.257057,5
qilla gujjar singh,31.56859,74.3309208,5
raheem gardens,31.372618999999997,73.057237,5
race course road,31.549223,74.33247,5
qutbal town,33.628058,73.127508,5
divine homes,31.493338,74.416925,5
e-16,33.6546378,72.88391859999999,5
manga mandi,31.322248006000002,74.088788264,5
state bank of pakistan staff co-operative housing society,25.107539,67.152488,5
banaras colony,33.591484,73.102738,5
jaffaria colony,31.538164000000002,74.28053919999999,5
iqbal town,33.2076504,73.09523759999999,5
teacher society,24.986019,67.135864,5
rehman city - phase 4,31.579365000000003,74.25831,5
asim town,31.5725192,74.4421184,5
royal garden,31.573791,74.45408,5
rifle range road,31.489277000000005,74.376471,5
engineering co-operative housing (echs),33.655924,72.842209,5
g-12,33.659496,72.981019,5
saggian,31.601917844000003,74.241636596,5
saggian wala bypass road,31.598821199999996,74.2535844,5
lahore - jaranwala road,31.5717688,74.1977626,5
venus housing scheme,31.435546999999996,74.34876,5
ubl housing society,31.473125800000002,74.41357239999999,5
gatwala chowk,31.466749,73.191842,5
airport enclave,33.598178,72.852359,5
tip housing society,31.384746,74.261613,5
tipu road,33.604142,73.075141,5
sui gas employees cooperative housing society,31.421172000000002,74.176819,5
begampura,31.580729,74.36182,5
jora pull,31.548370874,74.40656796799999,5
hub river road,24.9608318,66.9580364,5
rajpoot town,31.450998399999996,74.2150906,5
al-manzar society,25.009434,67.128953,5
mohammad nagar,31.396139999999995,73.1181192,5
dalmia cement factory road,24.903669156,67.10228975599999,5
gulshan park,31.57134,74.394071,5
judicial town,33.796411,73.249746,5
katar bund road,31.474503,74.231476,5
education town,31.494335,74.26878,5
new shah kamal colony,31.525648999999998,74.311983,5
raza abad,31.425990000000002,73.048217,5
ilahi abad,31.378887,73.10737,5
khayaban-e-jinnah road,31.4364749,74.26094055,5
dav college road,33.610207,73.060715,5
altaf colony,31.55346,74.42452,5
nazir garden society,31.578024,74.467807,5
gulshan-e-amin,24.936510937999998,67.09351231600002,5
saidpur,31.518876999999996,74.275795,5
amir town,31.4591338,73.1824568,5
mt khan road,24.8457522,67.02214760000001,5
ahbab colony,31.485316716,74.250214618,5
chaudhary wilayat khan road,33.59019575,73.08672525,4
tezab mill road,31.41203625,73.12615925,4
azizabad,33.586559824999995,73.0294879025,4
committee chowk,33.61307654,73.0655551,4
circular road,26.66452875,68.630714,4
partal town,33.640991,73.20405,4
partab nagar,31.410645,73.061557,4
dhoke dalal road,33.624887,73.051679,4
chibban,31.434888,73.10267,4
tarogill,31.363501,74.208896,4
tariq ismail road,31.429436,74.24382,4
malik park,31.577512249999998,74.29268549999999,4
swami nagar,31.578462,74.346285,4
gohawa,31.492432,74.427974,4
airport avenue housing society,33.536143,72.755002,4
bhagatpura,31.6034216525,74.35167250750001,4
raja akhtar road,33.7464519,73.2009628,4
nighabanpura,31.434668,73.108764,4
niamuana bypass road,31.338396,73.0817325,4
qadri colony,31.48482,74.367471,4
manga - raiwind road,31.253690250000002,74.19314275,4
temple road,31.55679538,74.316655355,4
teachers society,24.978356,67.129812,4
bankers colony,33.546438,73.061718,4
dream villas,31.42668169,74.251441675,4
shahkam chowk,31.401787170000002,74.17430565000001,4
ibn-e-sina road,33.687434,73.016574,4
askari 15,33.530129,73.165253,4
ranchore line bazar,24.867863999999997,67.01440925,4
johar colony,31.4576265,73.1064445,4
shershah colony - ichra,31.536335,74.321308,4
judicial employees coop housing society,31.488279,73.211578,4
askari 11,33.598893,73.026845,4
sher shah road,31.593868,74.357405,4
sheikhupura road,31.47182625,74.1025755,4
mian mir colony,31.543577,74.36100625,4
d-14,33.70341,72.926426,4
mohallah raja sultan,33.638718,73.056339,4
capital enclave,33.578933,73.15792,4
gulshan-e-ahbab,31.492908,74.259142,4
shahra-e-usman,25.014626,67.063959,4
singhpura,31.582118,74.36491,4
gulshan dadan,33.654209,73.079503,4
al qaim town,33.646824,73.112588,4
al noor town,31.475231,74.359496,4
shiraz villas,31.493941,74.363204,4
d-13,33.692526022500005,72.93256245,4
al rehmat villas,31.410484,73.151891,4
jaffar town,31.447703,74.253495,4
chapal uptown,25.0455185,67.13858,4
queens road,31.554326355,74.32043539,4
sufiabad,31.424855,74.36697,4
imran road,31.427996574999998,73.13292773500001,4
"rawalpindi, punjab",33.58831134,73.03539276,4
rawal road,33.61854039,73.08126582,4
ravi park,31.595315,74.306502,4
mohlanwal,31.40744925,74.14065375,4
gulshan-e-umair,24.939904,67.166902,4
sally town south,31.557084,74.413786,4
ameer-ud-din park,31.553707,74.40623,4
ameen park,31.586834,74.294829,4
gulshan-e-malir,24.880438,67.179402,4
gulshan-e-millat,24.861197,67.154875,4
sarwar road,33.592961,73.06062,4
shah khawar town,31.483173,74.412546,4
allama iqbal intl airport,31.52148275,74.406797,4
mominpura road,31.598287,74.413291,4
mumtaz city,33.589205,72.860634,4
rasheed nagar,31.377236,73.067222,4
new samanabad,31.535401,74.306508,4
new katarian,33.645742,73.059804,4
eden park,31.374046,74.2138,4
heaven homes,31.4310142525,74.24416085,4
gawal mandi,33.604308,73.059168,4
12th avenue,33.624151,72.996002,4
hakim town,31.41827325,74.29391925,4
nain sukh,31.602584,74.246519,4
asf housing scheme,24.937917249999998,67.15371225,4
haji abad,31.495707,73.335301,4
royal residencia,31.395979,74.313149,4
babu sabu,31.541236,74.269202,4
bagh sardaran,33.6202,73.0544115,4
adan villas,31.57874625,74.4655245,4
afzal park,31.573847,74.427051,4
toheed park,31.5505552825,74.292169395,4
liaquat avenue,24.903123,67.1863885,4
laraib garden,24.922239,67.081284,4
lahore - kasur road,31.40694,74.360382,4
waris road,31.548423,74.319806,4
abid market,31.553670999999998,74.315586,3
garja,33.561773,72.982199,3
umt society,31.452217333333333,74.29415933333333,3
tulsa,33.567663,73.051529,3
lda city,31.375476000000003,74.302597,3
babuwala,31.400281913333334,73.01768926,3
afghanabad,31.419691,73.056715,3
frash town,33.652051,73.203666,3
kotli abdur rahman,31.578097,74.391603,3
abdullah ahmed road,24.891224000000005,66.988458,3
zeeshan colony,33.59156933333333,73.02411333333333,3
vista homes,31.469185999999997,73.095636,3
excise & taxation housing scheme,31.455720666666668,74.236336,3
naval farms housing scheme,33.721306,73.217903,3
naseerabad,33.62246948999999,72.98245806333334,3
kaleem shaheed colony no 2,31.435705306666666,73.02716962,3
rufi rose petals,24.954900493333337,67.11096349666667,3
santpura,31.414564,73.071606,3
gulzar e ahbab society,31.497267000000004,74.259941,3
nai abadi harbanspura,31.572523,74.42092,3
muzaffar colony,31.376576,73.050792,3
capital awami villas,33.356755,72.804736,3
gulshan-e-yaseen housing society,31.60885433333333,74.46042033333333,3
saman berg,31.472547333333335,74.30147,3
altaf hussain road,24.919284,66.961912,3
saifabad,31.402805666666666,73.03379866666667,3
shah town,24.852831,67.333047,3
saroba gardens housing society,31.434094,74.353151,3
muqaddas park,31.549781,74.288002,3
motorway city,31.51585,73.070791,3
mohni road,31.58278233333333,74.30258733333334,3
saqib town,31.474636,74.424378,3
bilal nagar,31.469658,73.105807,3
hanjarwal,31.487351,74.25054666666666,3
rawal enclave,33.67405933333333,73.23711966666667,3
mehmood booti,31.604659053333336,74.39339181000001,3
khawaja islam road,31.402765,73.115795,3
karim town,31.386174999999998,73.102723,3
kareem city,31.476118666666668,73.06451466666667,3
mohammadi colony,33.591045666666666,73.02166,3
chah sultan,33.62247666666667,73.075668,3
al-raziq garden,31.559283000000004,74.184612,3
gulshan-e-safeer,33.620141,72.994683,3
gulshan-e-saeed,33.553054,73.009266,3
gulshan-e-rafique,31.374963999999995,73.064997,3
ibl housing scheme,31.580485996666667,74.49024019666666,3
i. i. chundrigar road,24.849870999999997,67.008233,3
humak,33.538462,73.144913,3
atari saroba,31.429121999999996,74.369925,3
askari 9,33.60534,73.097802,3
jia baga road,31.330520713333332,74.25669576333333,3
sherwani town housing scheme,31.426172999999995,74.342422,3
gulshan view residence society,31.485859,74.376971,3
falaknaz dynasty,24.927032,67.173136,3
faiz bagh,31.583141666666666,74.33332266666667,3
cbr town phase 2,33.565513,72.921335,3
catholic colony,24.835906000000005,67.114074,3
mian aziz garden,31.588557999999995,74.496808,3
mediacom avenue,31.435489,73.140307,3
siraj-ud-daula road,24.879682,67.068985,3
al-falah cooperative housing society,31.398386,74.49425066666667,3
al rahim homes,31.480575,74.296239,3
gulistan fatima colony,33.547454,73.003426,3
gul kali,31.564922,74.428277,3
nisbat road,31.569596,74.321026,3
officer colony,31.503134,74.369437,3
bhogiwal road,31.585706666666667,74.368378,3
qazi town,31.59495,74.470518,3
inmol society,31.405492,74.405932,3
firdosi road,33.58446933333334,73.06142933333334,3
green fort,31.441417666666666,74.21137399999999,3
suhail abad,31.404308,73.098986,3
chakri,33.292707,72.759989,3
chakbeli road,33.465117973333335,73.18683201,3
chak jhumra,31.570492,73.183866,3
malir housing scheme 1,24.887319666666667,67.42972166666667,3
e-12,33.68837666666667,72.95624766666667,3
public health society,31.417420000000003,74.216552,3
jalal colony,31.56742,74.431258,3
ismail green valley,31.502916666666668,73.11398966666667,3
paf colony,31.551902,74.395579,3
old ravians co-operative housing society,24.938859999999995,67.145283,3
javed bahria coopretive housing society,24.873724999999997,66.912678,3
tali mori,33.57152511,73.04322481,3
taj residencia,33.588334,72.967379,3
taj colony,31.441186,73.09237,3
khayaban-e-zohra,31.444651000000004,74.281611,3
madina gardens,31.366071666666667,73.140108,3
surti muslim co-operative housing society,24.910215126666667,67.19853136666667,3
al jannat housing scheme,31.431346333333334,74.22012333333333,3
gor,31.543431,74.34422533333333,3
golra road,33.677901,72.956535,3
lower canal road,31.413669666666664,73.16423200000001,3
chaudhary jan colony,33.582037,73.099496,3
chaudhary colony,31.529861,74.303155,3
city villas,33.560433,73.09758,3
gobind pura,31.425064666666668,73.064164,3
ghousia colony,33.650351,73.063556,3
azmat town,33.732727,73.172035,3
athal,33.730882,73.231434,3
dhok naju,33.637677,73.053962,3
peer colony,31.481545,74.36581533333333,3
pakistan intelligence bureau housing society,33.613451,73.173232,3
pia main boulevard,31.447979673333332,74.28127076333332,3
bahadurabad,31.45156,74.377321,3
waris khan,33.61781799333334,73.065387,3
wah link road,33.742691,72.731802,3
kot khawaja saeed,31.593493975,74.35068656499999,2
zulfiqar colony,31.387105499999997,73.08827,2
kuri,33.672181,73.178586,2
tumair,33.673918,73.287952,2
umair town,31.484295,73.076408,2
umer valley,31.467841,73.17932,2
gatwala park road,31.479016,73.212276,2
zone 5,33.574998,73.315366,2
abbaspur,31.327329,72.944713,2
waris colony,31.495469,74.266505,2
crescent town,31.499019,74.263151,2
peoples colony,24.945035,67.065446,2
phulgran,33.7334407,73.204445445,2
pine villas,31.43654,74.192546,2
paf society,31.354223,74.237537,2
pechs,33.58571,72.8288575,2
jalal pura,31.258188,74.2378,2
dhoke munshi khan,33.639383,73.07736,2
dhoke ratta,33.613667,73.045885,2
azadi chowk,31.591979,74.305332,2
intelligence colony,24.841912,67.012696,2
irrigation cooperative housing society,31.4321975,74.326071,2
ismail city,31.467713,73.066284,2
jarahi,33.544434,73.045724,2
dhandharan chak 66 jb,31.390352,72.968481,2
old queens road,24.845359,67.002655,2
tandlianwala town,31.035763,73.133404,2
city garden,33.519143,72.769285,2
chaudhary park,31.583325,74.292855,2
chen one road,31.408758499999998,73.1098205,2
chungi no. 22 road,33.577827,73.041019,2
lines area,24.866179,67.03944,2
gorakhpur,33.473784,73.035702,2
green acres housing society,31.410498,74.237695,2
al fajar society,31.315039,74.373252,2
al haram garden,31.321891,74.365519,2
supreme villas,31.401094,74.363397,2
madan pura,31.433268,73.051089,2
magistrate colony,33.63618049,73.08076410000001,2
makki complex,31.45160921,74.351944455,2
malik colony,33.570802,73.001699,2
chapal skymark,24.844343,67.027389,2
mangopir,24.98174,67.035906,2
punjab small industries estate,31.498214,73.053575,2
qamar garden,31.459711,73.15537,2
qartaba chowk,31.548813,74.31505,2
dr daud pota road,24.850379404999998,67.035035655,2
dubban pura,31.518538,74.274252,2
imam bara road,33.623938,73.058936,2
azeem town,33.614726184999995,73.11861978499999,2
fda city,31.5175145,73.0840945,2
sunderdas road,31.554329,74.34699,2
akalgarh,33.620887,73.0517,2
bhaini road,31.628987,74.43975,2
bhogiwal,31.585937,74.360069,2
jamaluddin afghani road,24.884039,67.064471,2
jameel town,31.445323,73.059014,2
jan muhammad road,31.448466,74.253313,2
nizamabad,31.554802,74.400445,2
noor jahan road,31.509378,74.343787,2
dhok chiragh din,33.597141,73.070945,2
bait-ul-raza colony,31.530263,74.288435,2
maulana shaukat ali road,31.47482174,74.30175232,2
mcleod road,31.569973925,74.32888937,2
khana kacha road,31.373857,74.3559285,2
khawaja gardens,31.391758,73.106586,2
malpur,33.728623,73.145914,2
sikandar road,31.545929,74.361102,2
al madina avenue,31.417079,74.279508,2
himat pura,31.404565,73.139663,2
ibrahim colony,31.55581878,74.43189901,2
ranial,33.54107,72.979484,2
ravi gardens,31.3797955,73.1325145,2
rawat enclave,33.493769,73.202927,2
gujjarpura,31.546064,74.425321,2
gulistan-e-jinnah colony,33.660889499999996,73.08590699999999,2
al masoom town,31.394545,73.086732,2
al-hafeez garden road,31.586931,74.47206,2
sitara supreme city,31.496927,73.072362,2
sozo town,31.585078,74.484757,2
model town humak,33.538727,73.147434,2
shahpur kanjra,31.463225,74.201696,2
sher shah suri road,24.949571,67.05233150000001,2
siddiqia colony,31.603370335,74.330132265,2
bokra road,33.628883,73.000788,2
burj mandi,31.656085,73.097287,2
new green town,31.493355,73.109049,2
hawks bay scheme 42,24.897606,66.842041,2
eid gah road,31.422918,73.073695,2
embassy road,33.72666863,73.10708284,2
dhok mustaqeem road,33.611903,72.987028,2
mohan pura,33.609223,73.051007,2
karim park,31.5902345,74.3003625,2
darul aman society,24.875199,67.068398,2
khayaban-e-faisal,33.60127,73.122014,2
mian colony,31.568563,74.3922055,2
shah di khoi,31.476074835,74.298060255,2
shah rasool colony,24.810966,67.034833,2
gulshan-e-rehman,31.466619,73.186781,2
al-safaa garden,25.070455,67.013906,2
ali abad,33.639812,73.092037,2
asif town,31.407778,74.349064,2
rehmanpura (harbanspura),31.576197,74.457871,2
river view coop housing society,31.441296,74.24474,2
royal defence tower,24.831493,67.079122,2
sarafa bazar,33.617088,73.059762,2
defence fort housing scheme,31.35766,73.066266,2
dha city,31.4499,74.210572,2
munianwala,31.481746,73.196139,2
canalberg housing society,31.477038450000002,74.24660333,2
cantt view society,31.48398272,74.41556811,2
kachupura,31.58263,74.337945,2
kahuta,33.597749,73.386683,2
kahuta triangle industrial area,33.543557435,73.150255305,2
kakezai housing society,31.387238,74.313583,2
guru nanak pura,31.4357315,73.075042,2
h-11,33.651744,73.009579,2
h-9,33.677211,73.047752,2
kamala abad,33.573505499999996,73.031395,2
nasirabad,31.454915,74.254189,2
nawaban wala,31.3837945,73.06002799999999,2
nayyab villas,31.490163,74.385595,2
expo avenue society,31.456732,74.258442,2
f-9,33.701493,73.022861,2
amina park,31.489185,74.249303,2
app employees co-operative housing society,24.928572,67.157725,2
gulzar colony,31.39537,73.12216,2
empress road,31.56976,74.335463,2
kuri model town,33.681952,73.184137,2
gawalmandi,31.573197,74.325428,2
agha shahi avenue,33.664925,73.062354,2
agrics town,31.441625,74.224648,2
ahmad abad,33.570787,73.023819,2
diglus pura,31.415871,73.073577,2
babar colony,33.618157,73.109415,2
thalian,33.542908499999996,72.91427949999999,2
times residency,25.0096205,67.0530685,2
lahore cantt coop housing,31.48493,74.398034,2
"lahore, punjab",31.54577139,74.34132814,2
lakhodher,31.6099515,74.41440750000001,2
wapda colony,31.538237,74.358001,2
yasrab colony,31.413896,73.101079,1
kingdom valley islamabad,33.314539,72.772368,1
chauburji,31.554911,74.30449,1
liaqat road,31.425346,73.076227,1
lawyers society,33.548369,73.095081,1
lawyers housing society,31.431999,73.187339,1
lakshmi chowk,31.567164,74.325103,1
lakhu road,33.571735,72.95631,1
lahore villas,31.372625,74.235404,1
aiza garden,33.550364,73.150396,1
tulspura,31.581206,74.459391,1
kiran villas,31.472654,73.10188,1
badar colony,33.636856,73.038925,1
jamal homes,31.427578,74.246667,1
wireless residential colony,33.59265534,73.04282081,1
ahlu road,31.377703,74.37676,1
abu alkhair road,31.617241,74.243483,1
g. h. q,33.59248952,73.04735005,1
gawala colony,31.41698074,74.32606506,1
kala khatai road,31.665791,74.313979,1
mushtaq park - phase 3,31.582484,74.388978,1
gulshan-e-zaheer colony,33.580011,73.033071,1
gulshan-e-shamal,33.508088,73.044307,1
samanabad road,31.391063,73.071401,1
aqsa town,31.451589,73.095632,1
anarkali,31.571479,74.310125,1
ameen town,33.642884,73.051608,1
aman town,31.427965,74.287249,1
sahianwala,31.639098,73.234582,1
saadi park,31.55166,74.312382,1
saadat avenue,31.482377,74.295437,1
rehman pura,31.420826,73.051779,1
rehman housing society,31.473392,74.297295,1
erum villas,24.896713,67.076658,1
nazimabad villas,31.40258,73.06144,1
nazim-ud-din road,33.686443,73.011948,1
naveed garden,31.463393,73.158198,1
karakoram enclave 1,33.681755,72.985775,1
"karachi, sindh",24.862336,67.013893,1
karachi golf city,25.066076,67.481782,1
kallar syedan,33.415252,73.377829,1
ryaz ul jannah,31.477812,73.058962,1
hall road,31.564477,74.318644,1
h-8,33.67964,73.068867,1
kahuta road,33.526585,73.470111,1
kacheri chowk,33.585584,73.06748,1
nabha road,31.565723,74.307428,1
canal view hosuing scheme,31.329825,73.049545,1
c-19,33.658424,72.813134,1
mustafa abad,31.257849,74.42025,1
murababad,31.449936,73.036973,1
munir garden,31.48803711,74.2332077,1
mughal abad road,33.585741,73.035198,1
montgomery road,31.567128,74.327763,1
mominpur,31.6012,74.416051,1
momin pura,33.608472,73.049548,1
defence fort,31.460255,74.365033,1
alpha society,31.486723,74.284694,1
alia town,31.60557,74.380595,1
sangjani,33.674783,72.847924,1
bilal town,24.876259,67.171167,1
harchan pura,31.412989,73.064954,1
hakim muhammad ajmal khan road,33.614271,73.059391,1
hajveeri town,31.436719,73.095975,1
haji park housing scheme,31.415379,74.341435,1
riaz qureshi road,33.573185,73.058828,1
rewaz garden,31.559585,74.303647,1
rehmanabad,33.636516,73.075168,1
asif colony,31.596796,74.38581,1
ashrafi town,31.291589,74.216466,1
ashraf garden,31.588834,74.471097,1
ar cottages,31.495734,74.426671,1
samsani road,31.48499746,74.25933972,1
samanzar colony,31.508534,74.252643,1
faisal valley,31.458629,73.163454,1
alhamra avenue,33.624947,73.257129,1
al-wahab garden - phase 1,31.625415,74.223201,1
al-kareem premier housing scheme,31.553473,74.409466,1
gulshan-e-riaz,31.412769,74.214792,1
gulshan-e-mustafa housing society,31.451373,74.290519,1
gulshan-e-jami,24.911917,67.19947,1
gulshan-e-habib,31.44912,73.10726,1
gulshan-e-ghazian,24.996614,67.135509,1
gulshan-e-faisal,24.835748,67.028184,1
shah dara,33.779001,73.169529,1
millat chowk,31.447442,73.096751,1
meraj park,31.505806,74.263532,1
data ganj bakhsh town,31.59058077,74.32672062,1
kareem garden,31.362637,73.14266,1
mohlanwal scheme,31.403795,74.172728,1
chak bahga,31.481746,73.172364,1
chak 8 jb punj garain,31.483137,73.045764,1
chak 279/rb kalan,31.421888,73.056843,1
chak 208 rb dogranwala,31.425148,73.161879,1
jewa town,31.417283,74.289862,1
heir,31.407676,74.490373,1
nha housing society,33.543684,73.213234,1
nfc 2,31.36366,74.155076,1
new airport town,33.536975,72.866518,1
neela gumbad,31.5724039,74.30893611,1
c-14,33.681537,72.903889,1
blue bell residency,24.837117,67.035573,1
birdwood road,31.546954,74.32336,1
"faisalabad, punjab",31.42221791,73.08895111,1
faisalabad sangla hill road,31.500963,73.148908,1
sihala valley,33.551548,73.212615,1
sihala,33.545091,73.196883,1
siddiqia society (college road),31.427388,74.288086,1
siddiqia mill colony,31.39042473,73.0901413,1
shamkay bhattian,31.33229,74.109334,1
shahtaj colony,31.488846,74.370232,1
shahra-e-liaquat,24.856768,67.016451,1
shahra-e-jahangir,24.91859818,67.07333374,1
gulshan-e-ali housing scheme,31.365319,73.13608,1
farid court road,31.561621,74.310942,1
fareed town,31.40616705,73.13446015,1
central avenue,33.604959,72.840171,1
marir hassan,33.59674,73.06654,1
marir,33.606256,73.068688,1
sir syed road,33.590512,73.062434,1
al raheem town,31.645929,74.285002,1
gulshan farooq scheme,31.574736,74.396124,1
gulnishan park,31.403397,74.231404,1
gulgasht colony,31.389349,73.104162,1
gulfishan town,31.63473,74.212122,1
kacha lawrence road,31.547727,74.326054,1
jumma market,33.652557,73.067955,1
real cottages,31.488004,74.408813,1
rawat industrial estate,33.518034,73.24439,1
rang mahal,31.583215,74.318558,1
dijkot road,31.40529,73.068355,1
humaira town,24.910078,67.200003,1
hoshang road,24.843565,67.031274,1
raja park,31.382292,73.049591,1
jhang bazar,31.416576,73.076872,1
jhanda chichi,33.5908138,73.07496071,1
malipura,31.583763,74.299972,1
khurrianwala town,31.502239,73.270125,1
damba,24.97252,67.259372,1
khawaja ahmed hassan road,31.552949,74.401519,1
kharak,31.507215,74.264848,1
khaira,31.58489804,74.49789033,1
meharpura,31.508276,74.255176,1
mauripur road,24.863855,66.986321,1
mateen garden,31.6503,74.27006,1
banni chowk,33.621557,73.062,1
nooriabad,25.158484,67.798475,1
jamia masjid road,33.620187,73.058126,1
bethsaida colony,33.602574,73.000667,1
begum kot,31.617325,74.267029,1
beadon road,31.564148,74.321737,1
kacha road,31.436153,74.31717,1
mason road,31.552592,74.322788,1
maryam town,31.287076,74.228084,1
akbar chowk,31.43963,73.104996,1
sundar,31.354494,74.126946,1
gujjar colony,31.415186,74.327831,1
gujjar chowk,24.854426,67.08511,1
firdous colony,31.544817,74.280543,1
ferozepur city,31.308609,74.394432,1
federal government employees housing foundation,33.674432,73.025207,1
fateh villas,31.422382,74.33652,1
green hills housing scheme,33.782748,73.235124,1
sultan colony,31.469192,74.42919,1
steam power station colony,31.451071,73.143611,1
baba fareed road,31.405391,73.133347,1
raja colony,31.427748,73.05451,1
railway road,31.417258,73.086776,1
railway officers colony,31.486266,74.356027,1
quaid-e-azam park,31.40945,73.062918,1
ptv colony,33.740507,73.196239,1
prem nagar,31.560838,74.299722,1
jagiot road,33.676393,73.214595,1
paf residential area,33.607775,73.078176,1
country homes,31.432864,74.470113,1
khokhar town,31.583992,74.287738,1
madina homes,31.425357,74.362532,1
madar-e-millat road,31.442025,74.317221,1
lytton road,31.55348121,74.31272909,1
lower mall,31.566031,74.304471,1
t & t colony,33.592548,73.045989,1
akbar town,33.722756,73.077663,1
akbar colony,31.40288,73.128334,1
government transport headquarters cooperative housing society,31.404044,74.398213,1
cmh road,33.580629,73.049434,1
kohati bazar,33.62191,73.064306,1
kiyani road,33.575551,73.048811,1
gobal town,24.966257,67.088202,1
ghalib colony,31.529458,74.299936,1
bahria education & medical city,31.296155,74.319888,1
bahar shah road,31.545321,74.403682,1
opf valley,33.582412,73.241898,1
dhok babu irfan,33.654155,73.072146,1
dhanola,31.510399,73.10851,1
jaranwala town,31.28290022,73.28665104,1
japan road,33.568905,73.22962,1
"islamabad, islamabad capital",33.74946419,73.06114197,1
islamabad view valley,33.489352,72.72696,1
islamabad enclave,33.689522,73.265803,1
ahsan grand city,24.9867,67.166462,1
ahmed town,33.531531,72.831454,1
ataturk avenue,33.725143,73.09157,1
dhok piran faqiran,33.606435,73.080279,1
park view,33.562418,73.08088,1
park enclave,33.671497,73.16627,1
pidc,24.972715,67.142279,1
tahir villa,24.932322,67.059611,1
abid majeed road,33.5868244,73.02960926,1
vital homes housing scheme,31.427946,74.343731,1
gangaal,33.308624,72.843267,1
gadap road,25.053956,67.253365,1
zaitoon colony,31.58541,74.40901,1
victoria heights,33.652644,73.098387,1
urdu bazar,31.574779,74.309623,1
wyeth employees coop housing,31.379947,74.247358,1
wocland villas,31.395691,74.24882,1
